blink_rate,bpm,stress
32.4,98.4,High
34.7,114.5,High
35.2,120.6,High
29.4,122.2,High
16.9,67.9,Low
21.3,93.7,Medium
35.2,120.2,High
22.5,87.1,Medium
35.1,111.9,High
32.4,99.8,High
34.7,131.1,High
34.0,120.0,High
35.7,120.6,High
33.3,123.6,High
20.7,93.8,Medium
12.9,78.1,Low
12.7,59.8,Low
14.5,66.8,Low
35.1,110.0,High
15.9,69.1,Low
15.4,74.7,Low
24.3,81.0,Medium
29.6,93.6,Medium
33.5,109.3,High
33.1,113.4,High
37.2,116.2,High
35.1,112.9,High
21.2,85.7,Medium
31.1,117.9,High
21.0,89.1,Medium
28.1,82.4,Medium
31.4,119.5,High
18.2,77.4,Low
32.3,122.7,High
14.1,65.3,Low
13.2,71.4,Low
23.3,84.6,Medium
27.0,92.6,Medium
28.6,113.0,High
36.5,121.7,High
42,113.0,High
21.8,87.7,Medium
15.1,76.6,Low
17.7,73.8,Low
15.2,72.0,Low
10.9,78.1,Low
12.6,64.7,Low
14.7,65.9,Low
31.2,113.4,High
11.4,61.3,Low
12.3,68.2,Low
25.4,91.5,Medium
30.1,112.8,High
20.6,94.4,Medium
21.9,88.7,Medium
32.8,127.4,High
29.2,91.0,Medium
23.0,88.5,Medium
35.5,118.5,High
18.9,89.9,Medium
12.5,67.3,Low
12.3,74.4,Low
13.6,66.6,Low
35.7,101.4,High
35.6,112.5,High
11.8,74.6,Low
11.0,64.9,Low
15.3,63.0,Low
12.5,69.6,Low
15.2,68.4,Low
24.8,89.4,Medium
21.6,92.6,Medium
13.3,64.8,Low
35.8,111.2,High
32.4,121.1,High
20.3,93.9,Medium
31.4,130.9,High
21.9,89.1,Medium
12.8,68.6,Low
15.1,68.4,Low
32.6,118.1,High
25.2,98.0,Medium
24.5,94.3,Medium
14.2,66.6,Low
27.9,80.2,Medium
16.2,72.1,Low
14.4,66.2,Low
12.7,66.0,Low
20.7,90.5,Medium
25.0,80.5,Medium
22.3,87.8,Medium
16.5,64.7,Low
17.5,72.3,Low
37.1,112.3,High
13.7,71.2,Low
21.0,89.3,Medium
20.5,84.1,Medium
21.0,88.0,Medium
42,127.9,High
23.3,85.5,Medium
23.0,89.2,Medium
37.3,112.7,High
19.2,81.1,Medium
8.2,63.4,Low
14.1,63.1,Low
17.0,61.5,Low
16.8,66.7,Low
15.2,78.3,Low
33.7,111.6,High
21.0,89.0,Medium
26.0,91.1,Medium
23.9,82.9,Medium
12.8,70.3,Low
24.3,89.5,Medium
22.4,89.7,Medium
12.1,69.4,Low
12.5,64.3,Low
11.2,62.6,Low
19.8,95.5,Medium
18.3,79.6,Low
39.1,116.2,High
33.3,122.8,High
13.9,73.2,Low
37.4,119.5,High
38.9,109.9,High
22.4,90.8,Medium
16.0,72.1,Low
30.5,115.5,High
28.2,99.0,High
36.1,120.8,High
31.8,117.9,High
27.3,88.8,Medium
23.3,96.7,Medium
13.9,71.5,Low
34.4,111.4,High
18.5,83.0,Medium
25.8,85.8,Medium
34.9,113.4,High
16.4,66.8,Low
30.7,99.9,High
23.2,93.7,Medium
31.7,114.4,High
31.0,106.6,High
23.1,88.8,Medium
24.3,95.0,Medium
18.3,91.2,Medium
18.6,86.8,Medium
10.2,76.4,Low
21.6,83.9,Medium
35.9,117.0,High
